<?xml version="1.0" encoding="UTF-8"?>
<export version="D">
  <design>
    <source>C:\Users\DavidQ\projects\MultipleSensor\LCR_sensor_osc_PCB\PCB_ver1\MultipleSensor_single_osc_PCB\MultipleSensor_single_osc_PCB.sch</source>
    <date>09-09-2021 11:45:33</date>
    <tool>Eeschema (5.1.9)-1</tool>
    <sheet number="1" name="/" tstamps="/">
      <title_block>
        <title>Multiple Sensor Interface - single sensor/oscillator PCB</title>
        <company>David N. G. da Silva S. Quelhas (Lisboa - Portugal)  ,  License: CERN-OHL-W</company>
        <rev/>
        <date>2021-07-25</date>
        <source>MultipleSensor_single_osc_PCB.sch</source>
        <comment number="1" value=""/>
        <comment number="2" value=""/>
        <comment number="3" value=""/>
        <comment number="4" value=""/>
      </title_block>
    </sheet>
  </design>
  <components>
    <comp ref="U7">
      <value>74HC14</value>
      <footprint>MultipleSensor_PCB:SOIC-14_3.9x8.7mm_Pitch1.27mm_HandSoldering</footprint>
      <datasheet>http://www.ti.com/lit/gpn/sn74HC14</datasheet>
      <libsource lib="74xx" part="74HC14" description="Hex inverter schmitt trigger"/>
      <sheetpath names="/" tstamps="/"/>
      <tstamp>5FF7C116</tstamp>
    </comp>
    <comp ref="D3">
      <value>1N4731</value>
      <footprint>Diodes_THT:D_DO-41_SOD81_P10.16mm_Horizontal</footprint>
      <libsource lib="MultipleSensor_PCB" part="1N4731" description=""/>
      <sheetpath names="/" tstamps="/"/>
      <tstamp>60023DCC</tstamp>
    </comp>
    <comp ref="D1">
      <value>1N5817</value>
      <footprint>Diodes_THT:D_DO-41_SOD81_P10.16mm_Horizontal</footprint>
      <datasheet>http://www.vishay.com/docs/88525/1n5817.pdf</datasheet>
      <libsource lib="Diode" part="1N5817" description="20V 1A Schottky Barrier Rectifier Diode, DO-41"/>
      <sheetpath names="/" tstamps="/"/>
      <tstamp>6002BC18</tstamp>
    </comp>
    <comp ref="D2">
      <value>1N5817</value>
      <footprint>Diodes_THT:D_DO-41_SOD81_P10.16mm_Horizontal</footprint>
      <datasheet>http://www.vishay.com/docs/88525/1n5817.pdf</datasheet>
      <libsource lib="Diode" part="1N5817" description="20V 1A Schottky Barrier Rectifier Diode, DO-41"/>
      <sheetpath names="/" tstamps="/"/>
      <tstamp>6002F00F</tstamp>
    </comp>
    <comp ref="F1">
      <value>Polyfuse 100m A, 60V</value>
      <footprint>Fuse_Holders_and_Fuses:Fuse_TE5_Littlefuse-395Series</footprint>
      <datasheet>~</datasheet>
      <libsource lib="Device" part="Polyfuse" description="Resettable fuse, polymeric positive temperature coefficient"/>
      <sheetpath names="/" tstamps="/"/>
      <tstamp>5FFB7E68</tstamp>
    </comp>
    <comp ref="D10">
      <value>LED_SMD_1206</value>
      <footprint>LEDs:LED_1206</footprint>
      <datasheet>~</datasheet>
      <libsource lib="Device" part="LED" description="Light emitting diode"/>
      <sheetpath names="/" tstamps="/"/>
      <tstamp>5FFBED7C</tstamp>
    </comp>
    <comp ref="C14">
      <value>100nF, SMD 0805</value>
      <footprint>Capacitors_SMD:C_0805_HandSoldering</footprint>
      <datasheet>~</datasheet>
      <libsource lib="Device" part="C" description="Unpolarized capacitor"/>
      <sheetpath names="/" tstamps="/"/>
      <tstamp>5FFD6561</tstamp>
    </comp>
    <comp ref="R28">
      <value>22, SMD2512</value>
      <footprint>Resistors_SMD:R_2512_HandSoldering</footprint>
      <datasheet>~</datasheet>
      <libsource lib="Device" part="R" description="Resistor"/>
      <sheetpath names="/" tstamps="/"/>
      <tstamp>5FFF718E</tstamp>
    </comp>
    <comp ref="C15">
      <value>100uF, 16V</value>
      <footprint>Capacitors_THT:CP_Radial_D5.0mm_P2.50mm</footprint>
      <datasheet>~</datasheet>
      <libsource lib="Device" part="CP1" description="Polarized capacitor, US symbol"/>
      <sheetpath names="/" tstamps="/"/>
      <tstamp>5FFCCF31</tstamp>
    </comp>
    <comp ref="R1">
      <value>2M, SMD0805</value>
      <footprint>Resistors_SMD:R_0805_HandSoldering</footprint>
      <datasheet>~</datasheet>
      <libsource lib="Device" part="R" description="Resistor"/>
      <sheetpath names="/" tstamps="/"/>
      <tstamp>5FFE7482</tstamp>
    </comp>
    <comp ref="C1">
      <value>2.2nF, SMD0805</value>
      <footprint>Capacitors_SMD:C_0805_HandSoldering</footprint>
      <datasheet>~</datasheet>
      <libsource lib="Device" part="C" description="Unpolarized capacitor"/>
      <sheetpath names="/" tstamps="/"/>
      <tstamp>5FFE89D1</tstamp>
    </comp>
    <comp ref="C2">
      <value>2.2nF, SMD0805</value>
      <footprint>Capacitors_SMD:C_0805_HandSoldering</footprint>
      <datasheet>~</datasheet>
      <libsource lib="Device" part="C" description="Unpolarized capacitor"/>
      <sheetpath names="/" tstamps="/"/>
      <tstamp>5FFEA0E6</tstamp>
    </comp>
    <comp ref="C4">
      <value>22pF, SMD0805</value>
      <footprint>Capacitors_SMD:C_0805_HandSoldering</footprint>
      <datasheet>~</datasheet>
      <libsource lib="Device" part="C" description="Unpolarized capacitor"/>
      <sheetpath names="/" tstamps="/"/>
      <tstamp>5FFEB50D</tstamp>
    </comp>
    <comp ref="R2">
      <value>500, SMD0805</value>
      <footprint>Resistors_SMD:R_0805_HandSoldering</footprint>
      <datasheet>~</datasheet>
      <libsource lib="Device" part="R" description="Resistor"/>
      <sheetpath names="/" tstamps="/"/>
      <tstamp>5FFEC63F</tstamp>
    </comp>
    <comp ref="JP0">
      <value>2_jumpers_related</value>
      <footprint>MultipleSensor_PCB:2_jumpers_related_2.54mm</footprint>
      <libsource lib="MultipleSensor_PCB" part="2_jumpers_related" description=""/>
      <sheetpath names="/" tstamps="/"/>
      <tstamp>600C4757</tstamp>
    </comp>
    <comp ref="C3">
      <value>22pF, SMD0805</value>
      <footprint>Capacitors_SMD:C_0805_HandSoldering</footprint>
      <datasheet>~</datasheet>
      <libsource lib="Device" part="C" description="Unpolarized capacitor"/>
      <sheetpath names="/" tstamps="/"/>
      <tstamp>5FFEA570</tstamp>
    </comp>
    <comp ref="C12">
      <value>100nF, SMD0805</value>
      <footprint>Capacitors_SMD:C_0805_HandSoldering</footprint>
      <datasheet>~</datasheet>
      <libsource lib="Device" part="C" description="Unpolarized capacitor"/>
      <sheetpath names="/" tstamps="/"/>
      <tstamp>604285DB</tstamp>
    </comp>
    <comp ref="R13">
      <value>220, SMD0805</value>
      <footprint>Resistors_SMD:R_0805_HandSoldering</footprint>
      <datasheet>~</datasheet>
      <libsource lib="Device" part="R" description="Resistor"/>
      <sheetpath names="/" tstamps="/"/>
      <tstamp>5FFC73B1</tstamp>
    </comp>
    <comp ref="J1">
      <value>Screw_Terminal_01x02</value>
      <footprint>MultipleSensor_PCB:TerminalBlock_Screw_1x2_3.96mm</footprint>
      <datasheet>~</datasheet>
      <libsource lib="Connector" part="Screw_Terminal_01x02" description="Generic screw terminal, single row, 01x02, script generated (kicad-library-utils/schlib/autogen/connector/)"/>
      <sheetpath names="/" tstamps="/"/>
      <tstamp>60FB2463</tstamp>
    </comp>
    <comp ref="J3">
      <value>Screw_Terminal_01x03</value>
      <footprint>MultipleSensor_PCB:TerminalBlock_Screw_1x3_3.96mm</footprint>
      <datasheet>~</datasheet>
      <libsource lib="Connector" part="Screw_Terminal_01x03" description="Generic screw terminal, single row, 01x03, script generated (kicad-library-utils/schlib/autogen/connector/)"/>
      <sheetpath names="/" tstamps="/"/>
      <tstamp>60FB33FF</tstamp>
    </comp>
    <comp ref="J2">
      <value>Conn_01x02</value>
      <footprint>MultipleSensor_PCB:PinHeader_1x02_P2.54mm_Vertical_HandSoldering</footprint>
      <datasheet>~</datasheet>
      <libsource lib="Connector_Generic" part="Conn_01x02" description="Generic connector, single row, 01x02, script generated (kicad-library-utils/schlib/autogen/connector/)"/>
      <sheetpath names="/" tstamps="/"/>
      <tstamp>60FB43A1</tstamp>
    </comp>
    <comp ref="J4">
      <value>Conn_01x04</value>
      <footprint>MultipleSensor_PCB:PinHeader_1x04_P2.54mm_Vertical_HandSoldering</footprint>
      <datasheet>~</datasheet>
      <libsource lib="Connector_Generic" part="Conn_01x04" description="Generic connector, single row, 01x04, script generated (kicad-library-utils/schlib/autogen/connector/)"/>
      <sheetpath names="/" tstamps="/"/>
      <tstamp>60FCE019</tstamp>
    </comp>
  </components>
  <libparts>
    <libpart lib="74xx" part="74HC14">
      <aliases>
        <alias>74LS14</alias>
      </aliases>
      <description>Hex inverter schmitt trigger</description>
      <docs>http://www.ti.com/lit/gpn/sn74HC14</docs>
      <footprints>
        <fp>DIP*W7.62mm*</fp>
      </footprints>
      <fields>
        <field name="Reference">U</field>
        <field name="Value">74HC14</field>
      </fields>
      <pins>
        <pin num="1" name="~" type="input"/>
        <pin num="2" name="~" type="output"/>
        <pin num="3" name="~" type="input"/>
        <pin num="4" name="~" type="output"/>
        <pin num="5" name="~" type="input"/>
        <pin num="6" name="~" type="output"/>
        <pin num="7" name="GND" type="power_in"/>
        <pin num="8" name="~" type="output"/>
        <pin num="9" name="~" type="input"/>
        <pin num="10" name="~" type="output"/>
        <pin num="11" name="~" type="input"/>
        <pin num="12" name="~" type="output"/>
        <pin num="13" name="~" type="input"/>
        <pin num="14" name="VCC" type="power_in"/>
      </pins>
    </libpart>
    <libpart lib="Connector" part="Screw_Terminal_01x02">
      <description>Generic screw terminal, single row, 01x02, script generated (kicad-library-utils/schlib/autogen/connector/)</description>
      <docs>~</docs>
      <footprints>
        <fp>TerminalBlock*:*</fp>
      </footprints>
      <fields>
        <field name="Reference">J</field>
        <field name="Value">Screw_Terminal_01x02</field>
      </fields>
      <pins>
        <pin num="1" name="Pin_1" type="passive"/>
        <pin num="2" name="Pin_2" type="passive"/>
      </pins>
    </libpart>
    <libpart lib="Connector" part="Screw_Terminal_01x03">
      <description>Generic screw terminal, single row, 01x03, script generated (kicad-library-utils/schlib/autogen/connector/)</description>
      <docs>~</docs>
      <footprints>
        <fp>TerminalBlock*:*</fp>
      </footprints>
      <fields>
        <field name="Reference">J</field>
        <field name="Value">Screw_Terminal_01x03</field>
      </fields>
      <pins>
        <pin num="1" name="Pin_1" type="passive"/>
        <pin num="2" name="Pin_2" type="passive"/>
        <pin num="3" name="Pin_3" type="passive"/>
      </pins>
    </libpart>
    <libpart lib="Connector_Generic" part="Conn_01x02">
      <description>Generic connector, single row, 01x02, script generated (kicad-library-utils/schlib/autogen/connector/)</description>
      <docs>~</docs>
      <footprints>
        <fp>Connector*:*_1x??_*</fp>
      </footprints>
      <fields>
        <field name="Reference">J</field>
        <field name="Value">Conn_01x02</field>
      </fields>
      <pins>
        <pin num="1" name="Pin_1" type="passive"/>
        <pin num="2" name="Pin_2" type="passive"/>
      </pins>
    </libpart>
    <libpart lib="Connector_Generic" part="Conn_01x04">
      <description>Generic connector, single row, 01x04, script generated (kicad-library-utils/schlib/autogen/connector/)</description>
      <docs>~</docs>
      <footprints>
        <fp>Connector*:*_1x??_*</fp>
      </footprints>
      <fields>
        <field name="Reference">J</field>
        <field name="Value">Conn_01x04</field>
      </fields>
      <pins>
        <pin num="1" name="Pin_1" type="passive"/>
        <pin num="2" name="Pin_2" type="passive"/>
        <pin num="3" name="Pin_3" type="passive"/>
        <pin num="4" name="Pin_4" type="passive"/>
      </pins>
    </libpart>
    <libpart lib="Device" part="C">
      <description>Unpolarized capacitor</description>
      <docs>~</docs>
      <footprints>
        <fp>C_*</fp>
      </footprints>
      <fields>
        <field name="Reference">C</field>
        <field name="Value">C</field>
      </fields>
      <pins>
        <pin num="1" name="~" type="passive"/>
        <pin num="2" name="~" type="passive"/>
      </pins>
    </libpart>
    <libpart lib="Device" part="CP1">
      <description>Polarized capacitor, US symbol</description>
      <docs>~</docs>
      <footprints>
        <fp>CP_*</fp>
      </footprints>
      <fields>
        <field name="Reference">C</field>
        <field name="Value">CP1</field>
      </fields>
      <pins>
        <pin num="1" name="~" type="passive"/>
        <pin num="2" name="~" type="passive"/>
      </pins>
    </libpart>
    <libpart lib="Device" part="LED">
      <description>Light emitting diode</description>
      <docs>~</docs>
      <footprints>
        <fp>LED*</fp>
        <fp>LED_SMD:*</fp>
        <fp>LED_THT:*</fp>
      </footprints>
      <fields>
        <field name="Reference">D</field>
        <field name="Value">LED</field>
      </fields>
      <pins>
        <pin num="1" name="K" type="passive"/>
        <pin num="2" name="A" type="passive"/>
      </pins>
    </libpart>
    <libpart lib="Device" part="Polyfuse">
      <description>Resettable fuse, polymeric positive temperature coefficient</description>
      <docs>~</docs>
      <footprints>
        <fp>*polyfuse*</fp>
        <fp>*PTC*</fp>
      </footprints>
      <fields>
        <field name="Reference">F</field>
        <field name="Value">Polyfuse</field>
      </fields>
      <pins>
        <pin num="1" name="~" type="passive"/>
        <pin num="2" name="~" type="passive"/>
      </pins>
    </libpart>
    <libpart lib="Device" part="R">
      <description>Resistor</description>
      <docs>~</docs>
      <footprints>
        <fp>R_*</fp>
      </footprints>
      <fields>
        <field name="Reference">R</field>
        <field name="Value">R</field>
      </fields>
      <pins>
        <pin num="1" name="~" type="passive"/>
        <pin num="2" name="~" type="passive"/>
      </pins>
    </libpart>
    <libpart lib="Diode" part="SB120">
      <aliases>
        <alias>SB130</alias>
        <alias>SB140</alias>
        <alias>SB150</alias>
        <alias>SB160</alias>
        <alias>1N5817</alias>
        <alias>1N5818</alias>
        <alias>1N5819</alias>
      </aliases>
      <description>20V 1A Schottky Barrier Rectifier Diode, DO-41</description>
      <docs>http://www.diodes.com/_files/datasheets/ds23022.pdf</docs>
      <footprints>
        <fp>D*DO?41*</fp>
      </footprints>
      <fields>
        <field name="Reference">D</field>
        <field name="Value">SB120</field>
        <field name="Footprint">Diode_THT:D_DO-41_SOD81_P10.16mm_Horizontal</field>
      </fields>
      <pins>
        <pin num="1" name="K" type="passive"/>
        <pin num="2" name="A" type="passive"/>
      </pins>
    </libpart>
    <libpart lib="MultipleSensor_PCB" part="1N4731">
      <fields>
        <field name="Reference">D</field>
        <field name="Value">1N4731</field>
      </fields>
      <pins>
        <pin num="1" name="K" type="passive"/>
        <pin num="2" name="A" type="passive"/>
      </pins>
    </libpart>
    <libpart lib="MultipleSensor_PCB" part="2_jumpers_related">
      <fields>
        <field name="Reference">JP</field>
        <field name="Value">2_jumpers_related</field>
      </fields>
      <pins>
        <pin num="1" name="1" type="passive"/>
        <pin num="2" name="2" type="passive"/>
        <pin num="3" name="3" type="passive"/>
        <pin num="4" name="4" type="passive"/>
      </pins>
    </libpart>
  </libparts>
  <libraries>
    <library logical="74xx">
      <uri>C:\Program Files\KiCad\share\kicad\library/74xx.lib</uri>
    </library>
    <library logical="Connector">
      <uri>C:\Program Files\KiCad\share\kicad\library/Connector.lib</uri>
    </library>
    <library logical="Connector_Generic">
      <uri>C:\Program Files\KiCad\share\kicad\library/Connector_Generic.lib</uri>
    </library>
    <library logical="Device">
      <uri>C:\Program Files\KiCad\share\kicad\library/Device.lib</uri>
    </library>
    <library logical="Diode">
      <uri>C:\Program Files\KiCad\share\kicad\library/Diode.lib</uri>
    </library>
    <library logical="MultipleSensor_PCB">
      <uri>C:\Users\DavidQ\projects\MultipleSensor\LCR_sensor_osc_PCB\PCB_ver1\MultipleSensor_single_osc_PCB/MultipleSensor_PCB.lib</uri>
    </library>
  </libraries>
  <nets>
    <net code="1" name="Net-(C1-Pad2)">
      <node ref="C3" pin="1"/>
      <node ref="C1" pin="2"/>
      <node ref="JP0" pin="1"/>
    </net>
    <net code="2" name="VDDS">
      <node ref="D3" pin="1"/>
      <node ref="U7" pin="14"/>
      <node ref="R28" pin="1"/>
      <node ref="C12" pin="1"/>
    </net>
    <net code="3" name="Net-(D10-Pad1)">
      <node ref="D10" pin="1"/>
      <node ref="R13" pin="2"/>
    </net>
    <net code="4" name="Net-(U7-Pad4)">
      <node ref="U7" pin="5"/>
      <node ref="U7" pin="4"/>
    </net>
    <net code="5" name="S0_IN2">
      <node ref="R2" pin="1"/>
      <node ref="J1" pin="2"/>
      <node ref="J2" pin="2"/>
      <node ref="C2" pin="1"/>
    </net>
    <net code="6" name="Net-(R1-Pad2)">
      <node ref="U7" pin="2"/>
      <node ref="U7" pin="3"/>
      <node ref="R2" pin="2"/>
      <node ref="R1" pin="2"/>
    </net>
    <net code="7" name="GND">
      <node ref="D1" pin="2"/>
      <node ref="D2" pin="2"/>
      <node ref="R13" pin="1"/>
      <node ref="C14" pin="2"/>
      <node ref="D3" pin="2"/>
      <node ref="C15" pin="2"/>
      <node ref="C4" pin="2"/>
      <node ref="C3" pin="2"/>
      <node ref="C12" pin="2"/>
      <node ref="JP0" pin="4"/>
      <node ref="JP0" pin="2"/>
      <node ref="J4" pin="2"/>
      <node ref="J4" pin="3"/>
      <node ref="J3" pin="2"/>
      <node ref="U7" pin="7"/>
    </net>
    <net code="8" name="Net-(F1-Pad1)">
      <node ref="J3" pin="1"/>
      <node ref="F1" pin="1"/>
      <node ref="J4" pin="1"/>
    </net>
    <net code="9" name="OSC0_OUT">
      <node ref="J4" pin="4"/>
      <node ref="U7" pin="8"/>
      <node ref="J3" pin="3"/>
    </net>
    <net code="10" name="Net-(U7-Pad6)">
      <node ref="U7" pin="6"/>
      <node ref="U7" pin="9"/>
    </net>
    <net code="11" name="+5V">
      <node ref="F1" pin="2"/>
      <node ref="R28" pin="2"/>
      <node ref="C15" pin="1"/>
      <node ref="D10" pin="2"/>
      <node ref="C14" pin="1"/>
      <node ref="D1" pin="1"/>
      <node ref="D2" pin="1"/>
    </net>
    <net code="12" name="Net-(C2-Pad2)">
      <node ref="C4" pin="1"/>
      <node ref="JP0" pin="3"/>
      <node ref="C2" pin="2"/>
    </net>
    <net code="13" name="S0_IN1">
      <node ref="U7" pin="1"/>
      <node ref="R1" pin="1"/>
      <node ref="C1" pin="1"/>
      <node ref="J2" pin="1"/>
      <node ref="J1" pin="1"/>
    </net>
  </nets>
</export>
