<?xml version="1.0" encoding="UTF-8"?>
<export version="D">
  <design>
    <source>C:\Users\DavidQ\projects\MultipleSensor\LCR_sensor_PCB_design_2\PCB_ver10-2\KiCad\MultipleSensor_PCB.sch</source>
    <date>06-09-2021 22:12:25</date>
    <tool>Eeschema (5.1.9)-1</tool>
    <sheet number="1" name="/" tstamps="/">
      <title_block>
        <title>Multiple Sensor Interface</title>
        <company>David N. G. da Silva S. Quelhas (Lisboa - Portugal)  ,  License: CERN-OHL-W</company>
        <rev/>
        <date>2021-02-06</date>
        <source>MultipleSensor_PCB.sch</source>
        <comment number="1" value=""/>
        <comment number="2" value=""/>
        <comment number="3" value=""/>
        <comment number="4" value=""/>
      </title_block>
    </sheet>
  </design>
  <components>
    <comp ref="U7">
      <value>74HC14</value>
      <footprint>MultipleSensor_PCB:SOIC-14_3.9x8.7mm_Pitch1.27mm_HandSoldering</footprint>
      <datasheet>http://www.ti.com/lit/gpn/sn74HC14</datasheet>
      <libsource lib="74xx" part="74HC14" description="Hex inverter schmitt trigger"/>
      <sheetpath names="/" tstamps="/"/>
      <tstamp>5FF7C116</tstamp>
    </comp>
    <comp ref="U3">
      <value>LM358/LM358A (SO8-ST: LM358DT/LM358ADT)</value>
      <footprint>MultipleSensor_PCB:SOIC-8_3.9x4.9mm_Pitch1.27mm_HandSoldering</footprint>
      <datasheet>http://www.ti.com/lit/ds/symlink/lm2904-n.pdf</datasheet>
      <libsource lib="Amplifier_Operational" part="LM358" description="Low-Power, Dual Operational Amplifiers, DIP-8/SOIC-8/TO-99-8"/>
      <sheetpath names="/" tstamps="/"/>
      <tstamp>5FF7F17F</tstamp>
    </comp>
    <comp ref="U2">
      <value>CD4051BM</value>
      <footprint>MultipleSensor_PCB:SOIC-16_3.9x9.9mm_Pitch1.27mm_HandSoldering</footprint>
      <datasheet>http://www.ti.com/lit/ds/symlink/cd4052b.pdf</datasheet>
      <libsource lib="Analog_Switch" part="CD4051B" description="CMOS single 8-channel analog multiplexer demultiplexer, TSSOP-16/DIP-16/SOIC-16"/>
      <sheetpath names="/" tstamps="/"/>
      <tstamp>5FF879F4</tstamp>
    </comp>
    <comp ref="U5">
      <value>MAX485E</value>
      <footprint>MultipleSensor_PCB:SOIC-8_3.9x4.9mm_Pitch1.27mm_HandSoldering</footprint>
      <datasheet>https://datasheets.maximintegrated.com/en/ds/MAX1487E-MAX491E.pdf</datasheet>
      <libsource lib="Interface_UART" part="MAX485E" description="Half duplex RS-485/RS-422, 2.5 Mbps, ±15kV electro-static discharge (ESD) protection, no slew-rate, no low-power shutdown, with receiver/driver enable, 32 receiver drive kapacitity, DIP-8 and SOIC-8"/>
      <sheetpath names="/" tstamps="/"/>
      <tstamp>5FF898DE</tstamp>
    </comp>
    <comp ref="U6">
      <value>24LC512</value>
      <footprint>MultipleSensor_PCB:SOIC-8_3.9x4.9mm_Pitch1.27mm_HandSoldering</footprint>
      <datasheet>http://ww1.microchip.com/downloads/en/DeviceDoc/21754M.pdf</datasheet>
      <libsource lib="Memory_EEPROM" part="24LC512" description="I2C Serial EEPROM, 512Kb, DIP-8/SOIC-8/TSSOP-8/DFN-8"/>
      <sheetpath names="/" tstamps="/"/>
      <tstamp>5FF8CF6F</tstamp>
    </comp>
    <comp ref="J1">
      <value>USB_B_Micro</value>
      <footprint>MultipleSensor_PCB:USB_mini_B_HandSoldering</footprint>
      <datasheet>~</datasheet>
      <libsource lib="Connector" part="USB_B_Micro" description="USB Micro Type B connector"/>
      <sheetpath names="/" tstamps="/"/>
      <tstamp>5FFA111A</tstamp>
    </comp>
    <comp ref="J4">
      <value>Screw_Terminal_01x12</value>
      <footprint>MultipleSensor_PCB:TerminalBlock_Screw_1x12_3.96mm</footprint>
      <datasheet>~</datasheet>
      <libsource lib="Connector" part="Screw_Terminal_01x12" description="Generic screw terminal, single row, 01x12, script generated (kicad-library-utils/schlib/autogen/connector/)"/>
      <sheetpath names="/" tstamps="/"/>
      <tstamp>5FFA25C5</tstamp>
    </comp>
    <comp ref="J8">
      <value>Screw_Terminal_01x08</value>
      <footprint>MultipleSensor_PCB:TerminalBlock_Screw_1x8_3.96mm_mirror</footprint>
      <datasheet>~</datasheet>
      <libsource lib="Connector" part="Screw_Terminal_01x08" description="Generic screw terminal, single row, 01x08, script generated (kicad-library-utils/schlib/autogen/connector/)"/>
      <sheetpath names="/" tstamps="/"/>
      <tstamp>5FFA525C</tstamp>
    </comp>
    <comp ref="J7">
      <value>Screw_Terminal_01x06</value>
      <footprint>MultipleSensor_PCB:TerminalBlock_Screw_1x6_3.96mm</footprint>
      <datasheet>~</datasheet>
      <libsource lib="Connector" part="Screw_Terminal_01x06" description="Generic screw terminal, single row, 01x06, script generated (kicad-library-utils/schlib/autogen/connector/)"/>
      <sheetpath names="/" tstamps="/"/>
      <tstamp>5FFA65FA</tstamp>
    </comp>
    <comp ref="J2">
      <value>Conn_02x06_Odd_Even</value>
      <footprint>MultipleSensor_PCB:PinHeader_2x06_P2.54mm_Vertical_HandSoldering</footprint>
      <datasheet>~</datasheet>
      <libsource lib="Connector_Generic" part="Conn_02x06_Odd_Even" description="Generic connector, double row, 02x06, odd/even pin numbering scheme (row 1 odd numbers, row 2 even numbers), script generated (kicad-library-utils/schlib/autogen/connector/)"/>
      <sheetpath names="/" tstamps="/"/>
      <tstamp>5FFA93A8</tstamp>
    </comp>
    <comp ref="J6">
      <value>Conn_02x06_Odd_Even</value>
      <footprint>MultipleSensor_PCB:PinHeader_2x06_P2.54mm_Vertical_HandSoldering</footprint>
      <datasheet>~</datasheet>
      <libsource lib="Connector_Generic" part="Conn_02x06_Odd_Even" description="Generic connector, double row, 02x06, odd/even pin numbering scheme (row 1 odd numbers, row 2 even numbers), script generated (kicad-library-utils/schlib/autogen/connector/)"/>
      <sheetpath names="/" tstamps="/"/>
      <tstamp>5FFAA2AA</tstamp>
    </comp>
    <comp ref="J3">
      <value>Conn_01x05</value>
      <footprint>MultipleSensor_PCB:PinHeader_1x05_P2.54mm_Vertical_HandSoldering</footprint>
      <datasheet>~</datasheet>
      <libsource lib="Connector_Generic" part="Conn_01x05" description="Generic connector, single row, 01x05, script generated (kicad-library-utils/schlib/autogen/connector/)"/>
      <sheetpath names="/" tstamps="/"/>
      <tstamp>5FFAB117</tstamp>
    </comp>
    <comp ref="J5">
      <value>Conn_02x04_Odd_Even</value>
      <footprint>MultipleSensor_PCB:PinHeader_2x04_P2.54mm_Vertical_HandSoldering</footprint>
      <datasheet>~</datasheet>
      <libsource lib="Connector_Generic" part="Conn_02x04_Odd_Even" description="Generic connector, double row, 02x04, odd/even pin numbering scheme (row 1 odd numbers, row 2 even numbers), script generated (kicad-library-utils/schlib/autogen/connector/)"/>
      <sheetpath names="/" tstamps="/"/>
      <tstamp>5FFACE3F</tstamp>
    </comp>
    <comp ref="D4">
      <value>BZV55-C4V7</value>
      <footprint>Diodes_SMD:D_1206</footprint>
      <libsource lib="MultipleSensor_PCB" part="BZV55-C4V7" description=""/>
      <sheetpath names="/" tstamps="/"/>
      <tstamp>6000CE28</tstamp>
    </comp>
    <comp ref="D5">
      <value>BZV55-C4V7</value>
      <footprint>Diodes_SMD:D_1206</footprint>
      <libsource lib="MultipleSensor_PCB" part="BZV55-C4V7" description=""/>
      <sheetpath names="/" tstamps="/"/>
      <tstamp>6001DB18</tstamp>
    </comp>
    <comp ref="D6">
      <value>BZV55-C4V7</value>
      <footprint>Diodes_SMD:D_1206</footprint>
      <libsource lib="MultipleSensor_PCB" part="BZV55-C4V7" description=""/>
      <sheetpath names="/" tstamps="/"/>
      <tstamp>6001E4AC</tstamp>
    </comp>
    <comp ref="D3">
      <value>1N4731</value>
      <footprint>Diodes_THT:D_DO-41_SOD81_P10.16mm_Horizontal</footprint>
      <libsource lib="MultipleSensor_PCB" part="1N4731" description=""/>
      <sheetpath names="/" tstamps="/"/>
      <tstamp>60023DCC</tstamp>
    </comp>
    <comp ref="D1">
      <value>1N5817</value>
      <footprint>Diodes_THT:D_DO-41_SOD81_P10.16mm_Horizontal</footprint>
      <datasheet>http://www.vishay.com/docs/88525/1n5817.pdf</datasheet>
      <libsource lib="Diode" part="1N5817" description="20V 1A Schottky Barrier Rectifier Diode, DO-41"/>
      <sheetpath names="/" tstamps="/"/>
      <tstamp>6002BC18</tstamp>
    </comp>
    <comp ref="D2">
      <value>1N5817</value>
      <footprint>Diodes_THT:D_DO-41_SOD81_P10.16mm_Horizontal</footprint>
      <datasheet>http://www.vishay.com/docs/88525/1n5817.pdf</datasheet>
      <libsource lib="Diode" part="1N5817" description="20V 1A Schottky Barrier Rectifier Diode, DO-41"/>
      <sheetpath names="/" tstamps="/"/>
      <tstamp>6002F00F</tstamp>
    </comp>
    <comp ref="F1">
      <value>Polyfuse 100m A, 60V</value>
      <footprint>Fuse_Holders_and_Fuses:Fuse_TE5_Littlefuse-395Series</footprint>
      <datasheet>~</datasheet>
      <libsource lib="Device" part="Polyfuse" description="Resettable fuse, polymeric positive temperature coefficient"/>
      <sheetpath names="/" tstamps="/"/>
      <tstamp>5FFB7E68</tstamp>
    </comp>
    <comp ref="D10">
      <value>LED_SMD_1206</value>
      <footprint>LEDs:LED_1206</footprint>
      <datasheet>~</datasheet>
      <libsource lib="Device" part="LED" description="Light emitting diode"/>
      <sheetpath names="/" tstamps="/"/>
      <tstamp>5FFBED7C</tstamp>
    </comp>
    <comp ref="C14">
      <value>100nF, SMD 0805</value>
      <footprint>Capacitors_SMD:C_0805_HandSoldering</footprint>
      <datasheet>~</datasheet>
      <libsource lib="Device" part="C" description="Unpolarized capacitor"/>
      <sheetpath names="/" tstamps="/"/>
      <tstamp>5FFD6561</tstamp>
    </comp>
    <comp ref="R28">
      <value>22, SMD2512</value>
      <footprint>Resistors_SMD:R_2512_HandSoldering</footprint>
      <datasheet>~</datasheet>
      <libsource lib="Device" part="R" description="Resistor"/>
      <sheetpath names="/" tstamps="/"/>
      <tstamp>5FFF718E</tstamp>
    </comp>
    <comp ref="C15">
      <value>100uF, 16V</value>
      <footprint>Capacitors_THT:CP_Radial_D5.0mm_P2.50mm</footprint>
      <datasheet>~</datasheet>
      <libsource lib="Device" part="CP1" description="Polarized capacitor, US symbol"/>
      <sheetpath names="/" tstamps="/"/>
      <tstamp>5FFCCF31</tstamp>
    </comp>
    <comp ref="R20">
      <value>3.3k, SMD0805</value>
      <footprint>Resistors_SMD:R_0805_HandSoldering</footprint>
      <datasheet>~</datasheet>
      <libsource lib="Device" part="R" description="Resistor"/>
      <sheetpath names="/" tstamps="/"/>
      <tstamp>600471C9</tstamp>
    </comp>
    <comp ref="R21">
      <value>3.3k, SMD0805</value>
      <footprint>Resistors_SMD:R_0805_HandSoldering</footprint>
      <datasheet>~</datasheet>
      <libsource lib="Device" part="R" description="Resistor"/>
      <sheetpath names="/" tstamps="/"/>
      <tstamp>6004A015</tstamp>
    </comp>
    <comp ref="R22">
      <value>3.3k, SMD0805</value>
      <footprint>Resistors_SMD:R_0805_HandSoldering</footprint>
      <datasheet>~</datasheet>
      <libsource lib="Device" part="R" description="Resistor"/>
      <sheetpath names="/" tstamps="/"/>
      <tstamp>6004BF11</tstamp>
    </comp>
    <comp ref="U4">
      <value>LM4040BIM3-2.5</value>
      <footprint>MultipleSensor_PCB:SOT-23_HandSoldering2</footprint>
      <libsource lib="MultipleSensor_PCB" part="LM4040xxxx-xx" description=""/>
      <sheetpath names="/" tstamps="/"/>
      <tstamp>6002135D</tstamp>
    </comp>
    <comp ref="C9">
      <value>22pF, SMD 0805</value>
      <footprint>Capacitors_SMD:C_0805_HandSoldering</footprint>
      <datasheet>~</datasheet>
      <libsource lib="Device" part="C" description="Unpolarized capacitor"/>
      <sheetpath names="/" tstamps="/"/>
      <tstamp>6002C0BA</tstamp>
    </comp>
    <comp ref="C10">
      <value>22pF, SMD 0805</value>
      <footprint>Capacitors_SMD:C_0805_HandSoldering</footprint>
      <datasheet>~</datasheet>
      <libsource lib="Device" part="C" description="Unpolarized capacitor"/>
      <sheetpath names="/" tstamps="/"/>
      <tstamp>600375B5</tstamp>
    </comp>
    <comp ref="C11">
      <value>0.47uF, SMD 0805</value>
      <footprint>Capacitors_SMD:C_0805_HandSoldering</footprint>
      <datasheet>~</datasheet>
      <libsource lib="Device" part="C" description="Unpolarized capacitor"/>
      <sheetpath names="/" tstamps="/"/>
      <tstamp>6005B80F</tstamp>
    </comp>
    <comp ref="R1">
      <value>2M, SMD0805</value>
      <footprint>Resistors_SMD:R_0805_HandSoldering</footprint>
      <datasheet>~</datasheet>
      <libsource lib="Device" part="R" description="Resistor"/>
      <sheetpath names="/" tstamps="/"/>
      <tstamp>5FFE7482</tstamp>
    </comp>
    <comp ref="C1">
      <value>2.2nF, SMD0805</value>
      <footprint>Capacitors_SMD:C_0805_HandSoldering</footprint>
      <datasheet>~</datasheet>
      <libsource lib="Device" part="C" description="Unpolarized capacitor"/>
      <sheetpath names="/" tstamps="/"/>
      <tstamp>5FFE89D1</tstamp>
    </comp>
    <comp ref="C2">
      <value>2.2nF, SMD0805</value>
      <footprint>Capacitors_SMD:C_0805_HandSoldering</footprint>
      <datasheet>~</datasheet>
      <libsource lib="Device" part="C" description="Unpolarized capacitor"/>
      <sheetpath names="/" tstamps="/"/>
      <tstamp>5FFEA0E6</tstamp>
    </comp>
    <comp ref="C4">
      <value>22pF, SMD0805</value>
      <footprint>Capacitors_SMD:C_0805_HandSoldering</footprint>
      <datasheet>~</datasheet>
      <libsource lib="Device" part="C" description="Unpolarized capacitor"/>
      <sheetpath names="/" tstamps="/"/>
      <tstamp>5FFEB50D</tstamp>
    </comp>
    <comp ref="R2">
      <value>500, SMD0805</value>
      <footprint>Resistors_SMD:R_0805_HandSoldering</footprint>
      <datasheet>~</datasheet>
      <libsource lib="Device" part="R" description="Resistor"/>
      <sheetpath names="/" tstamps="/"/>
      <tstamp>5FFEC63F</tstamp>
    </comp>
    <comp ref="JP0">
      <value>2_jumpers_related</value>
      <footprint>MultipleSensor_PCB:2_jumpers_related_2.54mm</footprint>
      <libsource lib="MultipleSensor_PCB" part="2_jumpers_related" description=""/>
      <sheetpath names="/" tstamps="/"/>
      <tstamp>600C4757</tstamp>
    </comp>
    <comp ref="U8">
      <value>74HC14</value>
      <footprint>MultipleSensor_PCB:SOIC-14_3.9x8.7mm_Pitch1.27mm_HandSoldering</footprint>
      <datasheet>http://www.ti.com/lit/gpn/sn74HC14</datasheet>
      <libsource lib="74xx" part="74HC14" description="Hex inverter schmitt trigger"/>
      <sheetpath names="/" tstamps="/"/>
      <tstamp>601DEA00</tstamp>
    </comp>
    <comp ref="R3">
      <value>2M, SMD0805</value>
      <footprint>Resistors_SMD:R_0805_HandSoldering</footprint>
      <datasheet>~</datasheet>
      <libsource lib="Device" part="R" description="Resistor"/>
      <sheetpath names="/" tstamps="/"/>
      <tstamp>601DEA0D</tstamp>
    </comp>
    <comp ref="C5">
      <value>2.2nF, SMD0805</value>
      <footprint>Capacitors_SMD:C_0805_HandSoldering</footprint>
      <datasheet>~</datasheet>
      <libsource lib="Device" part="C" description="Unpolarized capacitor"/>
      <sheetpath names="/" tstamps="/"/>
      <tstamp>601DEA13</tstamp>
    </comp>
    <comp ref="C6">
      <value>2.2nF, SMD0805</value>
      <footprint>Capacitors_SMD:C_0805_HandSoldering</footprint>
      <datasheet>~</datasheet>
      <libsource lib="Device" part="C" description="Unpolarized capacitor"/>
      <sheetpath names="/" tstamps="/"/>
      <tstamp>601DEA19</tstamp>
    </comp>
    <comp ref="C8">
      <value>22pF, SMD0805</value>
      <footprint>Capacitors_SMD:C_0805_HandSoldering</footprint>
      <datasheet>~</datasheet>
      <libsource lib="Device" part="C" description="Unpolarized capacitor"/>
      <sheetpath names="/" tstamps="/"/>
      <tstamp>601DEA1F</tstamp>
    </comp>
    <comp ref="R4">
      <value>500, SMD0805</value>
      <footprint>Resistors_SMD:R_0805_HandSoldering</footprint>
      <datasheet>~</datasheet>
      <libsource lib="Device" part="R" description="Resistor"/>
      <sheetpath names="/" tstamps="/"/>
      <tstamp>601DEA25</tstamp>
    </comp>
    <comp ref="C7">
      <value>22pF, SMD0805</value>
      <footprint>Capacitors_SMD:C_0805_HandSoldering</footprint>
      <datasheet>~</datasheet>
      <libsource lib="Device" part="C" description="Unpolarized capacitor"/>
      <sheetpath names="/" tstamps="/"/>
      <tstamp>601DEA2B</tstamp>
    </comp>
    <comp ref="JP1">
      <value>2_jumpers_related</value>
      <footprint>MultipleSensor_PCB:2_jumpers_related_2.54mm</footprint>
      <libsource lib="MultipleSensor_PCB" part="2_jumpers_related" description=""/>
      <sheetpath names="/" tstamps="/"/>
      <tstamp>601DEA3B</tstamp>
    </comp>
    <comp ref="R7">
      <value>4.7M, SMD0805</value>
      <footprint>Resistors_SMD:R_0805_HandSoldering</footprint>
      <datasheet>~</datasheet>
      <libsource lib="Device" part="R" description="Resistor"/>
      <sheetpath names="/" tstamps="/"/>
      <tstamp>6027CD52</tstamp>
    </comp>
    <comp ref="R8">
      <value>4.7M, SMD0805</value>
      <footprint>Resistors_SMD:R_0805_HandSoldering</footprint>
      <datasheet>~</datasheet>
      <libsource lib="Device" part="R" description="Resistor"/>
      <sheetpath names="/" tstamps="/"/>
      <tstamp>6027DBB7</tstamp>
    </comp>
    <comp ref="R10">
      <value>4.7M, SMD0805</value>
      <footprint>Resistors_SMD:R_0805_HandSoldering</footprint>
      <datasheet>~</datasheet>
      <libsource lib="Device" part="R" description="Resistor"/>
      <sheetpath names="/" tstamps="/"/>
      <tstamp>60021AE9</tstamp>
    </comp>
    <comp ref="R12">
      <value>4.7M, SMD0805</value>
      <footprint>Resistors_SMD:R_0805_HandSoldering</footprint>
      <datasheet>~</datasheet>
      <libsource lib="Device" part="R" description="Resistor"/>
      <sheetpath names="/" tstamps="/"/>
      <tstamp>600236A6</tstamp>
    </comp>
    <comp ref="R15">
      <value>220, SMD2512</value>
      <footprint>Resistors_SMD:R_2512_HandSoldering</footprint>
      <datasheet>~</datasheet>
      <libsource lib="Device" part="R" description="Resistor"/>
      <sheetpath names="/" tstamps="/"/>
      <tstamp>60023902</tstamp>
    </comp>
    <comp ref="R19">
      <value>220, SMD2512</value>
      <footprint>Resistors_SMD:R_2512_HandSoldering</footprint>
      <datasheet>~</datasheet>
      <libsource lib="Device" part="R" description="Resistor"/>
      <sheetpath names="/" tstamps="/"/>
      <tstamp>600D70DE</tstamp>
    </comp>
    <comp ref="R17">
      <value>220, SMD2512</value>
      <footprint>Resistors_SMD:R_2512_HandSoldering</footprint>
      <datasheet>~</datasheet>
      <libsource lib="Device" part="R" description="Resistor"/>
      <sheetpath names="/" tstamps="/"/>
      <tstamp>60288D84</tstamp>
    </comp>
    <comp ref="R27">
      <value>220, SMD2512</value>
      <footprint>Resistors_SMD:R_2512_HandSoldering</footprint>
      <datasheet>~</datasheet>
      <libsource lib="Device" part="R" description="Resistor"/>
      <sheetpath names="/" tstamps="/"/>
      <tstamp>606842C8</tstamp>
    </comp>
    <comp ref="D9">
      <value>BZV55-C4V7</value>
      <footprint>Diodes_SMD:D_1206</footprint>
      <libsource lib="MultipleSensor_PCB" part="BZV55-C4V7" description=""/>
      <sheetpath names="/" tstamps="/"/>
      <tstamp>606842C2</tstamp>
    </comp>
    <comp ref="R26">
      <value>220, SMD2512</value>
      <footprint>Resistors_SMD:R_2512_HandSoldering</footprint>
      <datasheet>~</datasheet>
      <libsource lib="Device" part="R" description="Resistor"/>
      <sheetpath names="/" tstamps="/"/>
      <tstamp>60665720</tstamp>
    </comp>
    <comp ref="D8">
      <value>BZV55-C4V7</value>
      <footprint>Diodes_SMD:D_1206</footprint>
      <libsource lib="MultipleSensor_PCB" part="BZV55-C4V7" description=""/>
      <sheetpath names="/" tstamps="/"/>
      <tstamp>6066571A</tstamp>
    </comp>
    <comp ref="R18">
      <value>220, SMD2512</value>
      <footprint>Resistors_SMD:R_2512_HandSoldering</footprint>
      <datasheet>~</datasheet>
      <libsource lib="Device" part="R" description="Resistor"/>
      <sheetpath names="/" tstamps="/"/>
      <tstamp>60647AF1</tstamp>
    </comp>
    <comp ref="D7">
      <value>BZV55-C4V7</value>
      <footprint>Diodes_SMD:D_1206</footprint>
      <libsource lib="MultipleSensor_PCB" part="BZV55-C4V7" description=""/>
      <sheetpath names="/" tstamps="/"/>
      <tstamp>60647AEB</tstamp>
    </comp>
    <comp ref="R23">
      <value>2.2k, SMD0805</value>
      <footprint>Resistors_SMD:R_0805_HandSoldering</footprint>
      <datasheet>~</datasheet>
      <libsource lib="Device" part="R" description="Resistor"/>
      <sheetpath names="/" tstamps="/"/>
      <tstamp>60448D1E</tstamp>
    </comp>
    <comp ref="R24">
      <value>2.7k, SMD0805</value>
      <footprint>Resistors_SMD:R_0805_HandSoldering</footprint>
      <datasheet>~</datasheet>
      <libsource lib="Device" part="R" description="Resistor"/>
      <sheetpath names="/" tstamps="/"/>
      <tstamp>605E09FA</tstamp>
    </comp>
    <comp ref="R25">
      <value>2.7k, SMD0805</value>
      <footprint>Resistors_SMD:R_0805_HandSoldering</footprint>
      <datasheet>~</datasheet>
      <libsource lib="Device" part="R" description="Resistor"/>
      <sheetpath names="/" tstamps="/"/>
      <tstamp>605E2780</tstamp>
    </comp>
    <comp ref="C3">
      <value>22pF, SMD0805</value>
      <footprint>Capacitors_SMD:C_0805_HandSoldering</footprint>
      <datasheet>~</datasheet>
      <libsource lib="Device" part="C" description="Unpolarized capacitor"/>
      <sheetpath names="/" tstamps="/"/>
      <tstamp>5FFEA570</tstamp>
    </comp>
    <comp ref="C12">
      <value>100nF, SMD0805</value>
      <footprint>Capacitors_SMD:C_0805_HandSoldering</footprint>
      <datasheet>~</datasheet>
      <libsource lib="Device" part="C" description="Unpolarized capacitor"/>
      <sheetpath names="/" tstamps="/"/>
      <tstamp>604285DB</tstamp>
    </comp>
    <comp ref="H1">
      <value>MountingHole</value>
      <footprint>Mounting_Holes:MountingHole_3.2mm_M3_Pad</footprint>
      <datasheet>~</datasheet>
      <libsource lib="Mechanical" part="MountingHole" description="Mounting Hole without connection"/>
      <sheetpath names="/" tstamps="/"/>
      <tstamp>6067830B</tstamp>
    </comp>
    <comp ref="H2">
      <value>MountingHole</value>
      <footprint>Mounting_Holes:MountingHole_3.2mm_M3_Pad</footprint>
      <datasheet>~</datasheet>
      <libsource lib="Mechanical" part="MountingHole" description="Mounting Hole without connection"/>
      <sheetpath names="/" tstamps="/"/>
      <tstamp>60678E06</tstamp>
    </comp>
    <comp ref="Y1">
      <value>20MHz, Crystal MC405</value>
      <footprint>MultipleSensor_PCB:Crystal_SMD_MC405-2pin_9.6mmx4.1mm_HandSoldering</footprint>
      <datasheet>~</datasheet>
      <libsource lib="Device" part="Crystal" description="Two pin crystal"/>
      <sheetpath names="/" tstamps="/"/>
      <tstamp>5FFAFB2A</tstamp>
    </comp>
    <comp ref="R13">
      <value>220, SMD0805</value>
      <footprint>Resistors_SMD:R_0805_HandSoldering</footprint>
      <datasheet>~</datasheet>
      <libsource lib="Device" part="R" description="Resistor"/>
      <sheetpath names="/" tstamps="/"/>
      <tstamp>5FFC73B1</tstamp>
    </comp>
    <comp ref="R14">
      <value>30k, SMD0805</value>
      <footprint>Resistors_SMD:R_0805_HandSoldering</footprint>
      <datasheet>~</datasheet>
      <libsource lib="Device" part="R" description="Resistor"/>
      <sheetpath names="/" tstamps="/"/>
      <tstamp>5FFD291D</tstamp>
    </comp>
    <comp ref="R11">
      <value>4.7M, SMD0805</value>
      <footprint>Resistors_SMD:R_0805_HandSoldering</footprint>
      <datasheet>~</datasheet>
      <libsource lib="Device" part="R" description="Resistor"/>
      <sheetpath names="/" tstamps="/"/>
      <tstamp>60022943</tstamp>
    </comp>
    <comp ref="R5">
      <value>4.7M, SMD0805</value>
      <footprint>Resistors_SMD:R_0805_HandSoldering</footprint>
      <datasheet>~</datasheet>
      <libsource lib="Device" part="R" description="Resistor"/>
      <sheetpath names="/" tstamps="/"/>
      <tstamp>6027AAC6</tstamp>
    </comp>
    <comp ref="R9">
      <value>4.7M, SMD0805</value>
      <footprint>Resistors_SMD:R_0805_HandSoldering</footprint>
      <datasheet>~</datasheet>
      <libsource lib="Device" part="R" description="Resistor"/>
      <sheetpath names="/" tstamps="/"/>
      <tstamp>60020C52</tstamp>
    </comp>
    <comp ref="U1">
      <value>PIC18F2550-ISO</value>
      <footprint>MultipleSensor_PCB:SOIC-28W_7.5x17.9mm_P1.27mm_HandSoldering</footprint>
      <datasheet>http://ww1.microchip.com/downloads/en/devicedoc/39632c.pdf</datasheet>
      <libsource lib="MCU_Microchip_PIC18" part="PIC18F2550-ISO" description="32K Flash, 2K SRAM, 256 EEPROM, USB, nanoWatt XLP, SOIC28"/>
      <sheetpath names="/" tstamps="/"/>
      <tstamp>5FF8B2B7</tstamp>
    </comp>
    <comp ref="R16">
      <value>10k, SMD0805</value>
      <footprint>Resistors_SMD:R_0805_HandSoldering</footprint>
      <datasheet>~</datasheet>
      <libsource lib="Device" part="R" description="Resistor"/>
      <sheetpath names="/" tstamps="/"/>
      <tstamp>60155E0F</tstamp>
    </comp>
    <comp ref="R6">
      <value>4.7M, SMD0805</value>
      <footprint>Resistors_SMD:R_0805_HandSoldering</footprint>
      <datasheet>~</datasheet>
      <libsource lib="Device" part="R" description="Resistor"/>
      <sheetpath names="/" tstamps="/"/>
      <tstamp>6027BD73</tstamp>
    </comp>
    <comp ref="C13">
      <value>100nF, SMD0805</value>
      <footprint>Capacitors_SMD:C_0805_HandSoldering</footprint>
      <datasheet>~</datasheet>
      <libsource lib="Device" part="C" description="Unpolarized capacitor"/>
      <sheetpath names="/" tstamps="/"/>
      <tstamp>60429861</tstamp>
    </comp>
  </components>
  <libparts>
    <libpart lib="74xx" part="74HC14">
      <aliases>
        <alias>74LS14</alias>
      </aliases>
      <description>Hex inverter schmitt trigger</description>
      <docs>http://www.ti.com/lit/gpn/sn74HC14</docs>
      <footprints>
        <fp>DIP*W7.62mm*</fp>
      </footprints>
      <fields>
        <field name="Reference">U</field>
        <field name="Value">74HC14</field>
      </fields>
      <pins>
        <pin num="1" name="~" type="input"/>
        <pin num="2" name="~" type="output"/>
        <pin num="3" name="~" type="input"/>
        <pin num="4" name="~" type="output"/>
        <pin num="5" name="~" type="input"/>
        <pin num="6" name="~" type="output"/>
        <pin num="7" name="GND" type="power_in"/>
        <pin num="8" name="~" type="output"/>
        <pin num="9" name="~" type="input"/>
        <pin num="10" name="~" type="output"/>
        <pin num="11" name="~" type="input"/>
        <pin num="12" name="~" type="output"/>
        <pin num="13" name="~" type="input"/>
        <pin num="14" name="VCC" type="power_in"/>
      </pins>
    </libpart>
    <libpart lib="Amplifier_Operational" part="LM2904">
      <aliases>
        <alias>LM358</alias>
        <alias>AD8620</alias>
        <alias>LMC6062</alias>
        <alias>LMC6082</alias>
        <alias>TL062</alias>
        <alias>TL072</alias>
        <alias>TL082</alias>
        <alias>NE5532</alias>
        <alias>SA5532</alias>
        <alias>RC4558</alias>
        <alias>RC4560</alias>
        <alias>RC4580</alias>
        <alias>LMV358</alias>
        <alias>TS912</alias>
        <alias>TSV912IDT</alias>
        <alias>TSV912IST</alias>
        <alias>TLC272</alias>
        <alias>TLC277</alias>
        <alias>MCP602</alias>
        <alias>OPA1678</alias>
        <alias>OPA2134</alias>
        <alias>OPA2340</alias>
        <alias>OPA2376xxD</alias>
        <alias>OPA2376xxDGK</alias>
        <alias>MC33078</alias>
        <alias>MC33178</alias>
        <alias>LM4562</alias>
        <alias>OP249</alias>
        <alias>OP275</alias>
        <alias>ADA4075-2</alias>
        <alias>MCP6002-xP</alias>
        <alias>MCP6002-xSN</alias>
        <alias>MCP6002-xMS</alias>
        <alias>LM7332</alias>
        <alias>OPA2333xxD</alias>
        <alias>OPA2333xxDGK</alias>
        <alias>LMC6482</alias>
        <alias>LT1492</alias>
        <alias>LTC6081xMS8</alias>
        <alias>LM6172</alias>
        <alias>MCP6L92</alias>
        <alias>NJM2043</alias>
        <alias>NJM2114</alias>
        <alias>NJM4556A</alias>
        <alias>NJM4558</alias>
        <alias>NJM4559</alias>
        <alias>NJM4560</alias>
        <alias>NJM4580</alias>
        <alias>NJM5532</alias>
        <alias>ADA4807-2ARM</alias>
        <alias>OPA2691</alias>
        <alias>LT6234</alias>
        <alias>OPA2356xxD</alias>
        <alias>OPA2356xxDGK</alias>
        <alias>OPA1612AxD</alias>
        <alias>MC33172</alias>
        <alias>OPA1602</alias>
        <alias>TLV2372</alias>
        <alias>LT6237</alias>
        <alias>OPA2277</alias>
        <alias>MCP6022</alias>
        <alias>MCP6V67EMS</alias>
      </aliases>
      <description>Dual Operational Amplifiers, DIP-8/SOIC-8/TSSOP-8/VSSOP-8</description>
      <docs>http://www.ti.com/lit/ds/symlink/lm358.pdf</docs>
      <footprints>
        <fp>SOIC*3.9x4.9mm*P1.27mm*</fp>
        <fp>DIP*W7.62mm*</fp>
        <fp>TO*99*</fp>
        <fp>OnSemi*Micro8*</fp>
        <fp>TSSOP*3x3mm*P0.65mm*</fp>
        <fp>TSSOP*4.4x3mm*P0.65mm*</fp>
        <fp>MSOP*3x3mm*P0.65mm*</fp>
        <fp>SSOP*3.9x4.9mm*P0.635mm*</fp>
        <fp>LFCSP*2x2mm*P0.5mm*</fp>
        <fp>*SIP*</fp>
        <fp>SOIC*5.3x6.2mm*P1.27mm*</fp>
      </footprints>
      <fields>
        <field name="Reference">U</field>
        <field name="Value">LM2904</field>
      </fields>
      <pins>
        <pin num="1" name="~" type="output"/>
        <pin num="2" name="-" type="input"/>
        <pin num="3" name="+" type="input"/>
        <pin num="4" name="V-" type="power_in"/>
        <pin num="5" name="+" type="input"/>
        <pin num="6" name="-" type="input"/>
        <pin num="7" name="~" type="output"/>
        <pin num="8" name="V+" type="power_in"/>
      </pins>
    </libpart>
    <libpart lib="Analog_Switch" part="CD4051B">
      <description>CMOS single 8-channel analog multiplexer demultiplexer, TSSOP-16/DIP-16/SOIC-16</description>
      <docs>http://www.ti.com/lit/ds/symlink/cd4052b.pdf</docs>
      <footprints>
        <fp>TSSOP*4.4x5mm*P0.65mm*</fp>
        <fp>DIP*W7.62*</fp>
        <fp>SOIC*3.9x9.9mm*P1.27mm*</fp>
        <fp>SO*5.3x10.2mm*P1.27mm*</fp>
      </footprints>
      <fields>
        <field name="Reference">U</field>
        <field name="Value">CD4051B</field>
      </fields>
      <pins>
        <pin num="1" name="X4" type="BiDi"/>
        <pin num="2" name="X6" type="BiDi"/>
        <pin num="3" name="X" type="BiDi"/>
        <pin num="4" name="X7" type="BiDi"/>
        <pin num="5" name="X5" type="BiDi"/>
        <pin num="6" name="INH" type="input"/>
        <pin num="7" name="VEE" type="power_in"/>
        <pin num="8" name="VSS" type="power_in"/>
        <pin num="9" name="C" type="input"/>
        <pin num="10" name="B" type="input"/>
        <pin num="11" name="A" type="input"/>
        <pin num="12" name="X3" type="BiDi"/>
        <pin num="13" name="X0" type="BiDi"/>
        <pin num="14" name="X1" type="BiDi"/>
        <pin num="15" name="X2" type="BiDi"/>
        <pin num="16" name="VDD" type="power_in"/>
      </pins>
    </libpart>
    <libpart lib="Connector" part="Screw_Terminal_01x06">
      <description>Generic screw terminal, single row, 01x06, script generated (kicad-library-utils/schlib/autogen/connector/)</description>
      <docs>~</docs>
      <footprints>
        <fp>TerminalBlock*:*</fp>
      </footprints>
      <fields>
        <field name="Reference">J</field>
        <field name="Value">Screw_Terminal_01x06</field>
      </fields>
      <pins>
        <pin num="1" name="Pin_1" type="passive"/>
        <pin num="2" name="Pin_2" type="passive"/>
        <pin num="3" name="Pin_3" type="passive"/>
        <pin num="4" name="Pin_4" type="passive"/>
        <pin num="5" name="Pin_5" type="passive"/>
        <pin num="6" name="Pin_6" type="passive"/>
      </pins>
    </libpart>
    <libpart lib="Connector" part="Screw_Terminal_01x08">
      <description>Generic screw terminal, single row, 01x08, script generated (kicad-library-utils/schlib/autogen/connector/)</description>
      <docs>~</docs>
      <footprints>
        <fp>TerminalBlock*:*</fp>
      </footprints>
      <fields>
        <field name="Reference">J</field>
        <field name="Value">Screw_Terminal_01x08</field>
      </fields>
      <pins>
        <pin num="1" name="Pin_1" type="passive"/>
        <pin num="2" name="Pin_2" type="passive"/>
        <pin num="3" name="Pin_3" type="passive"/>
        <pin num="4" name="Pin_4" type="passive"/>
        <pin num="5" name="Pin_5" type="passive"/>
        <pin num="6" name="Pin_6" type="passive"/>
        <pin num="7" name="Pin_7" type="passive"/>
        <pin num="8" name="Pin_8" type="passive"/>
      </pins>
    </libpart>
    <libpart lib="Connector" part="Screw_Terminal_01x12">
      <description>Generic screw terminal, single row, 01x12, script generated (kicad-library-utils/schlib/autogen/connector/)</description>
      <docs>~</docs>
      <footprints>
        <fp>TerminalBlock*:*</fp>
      </footprints>
      <fields>
        <field name="Reference">J</field>
        <field name="Value">Screw_Terminal_01x12</field>
      </fields>
      <pins>
        <pin num="1" name="Pin_1" type="passive"/>
        <pin num="2" name="Pin_2" type="passive"/>
        <pin num="3" name="Pin_3" type="passive"/>
        <pin num="4" name="Pin_4" type="passive"/>
        <pin num="5" name="Pin_5" type="passive"/>
        <pin num="6" name="Pin_6" type="passive"/>
        <pin num="7" name="Pin_7" type="passive"/>
        <pin num="8" name="Pin_8" type="passive"/>
        <pin num="9" name="Pin_9" type="passive"/>
        <pin num="10" name="Pin_10" type="passive"/>
        <pin num="11" name="Pin_11" type="passive"/>
        <pin num="12" name="Pin_12" type="passive"/>
      </pins>
    </libpart>
    <libpart lib="Connector" part="USB_B_Micro">
      <aliases>
        <alias>USB_B_Mini</alias>
      </aliases>
      <description>USB Micro Type B connector</description>
      <docs>~</docs>
      <footprints>
        <fp>USB*</fp>
      </footprints>
      <fields>
        <field name="Reference">J</field>
        <field name="Value">USB_B_Micro</field>
      </fields>
      <pins>
        <pin num="1" name="VBUS" type="power_out"/>
        <pin num="2" name="D-" type="BiDi"/>
        <pin num="3" name="D+" type="BiDi"/>
        <pin num="4" name="ID" type="passive"/>
        <pin num="5" name="GND" type="power_out"/>
        <pin num="6" name="Shield" type="passive"/>
      </pins>
    </libpart>
    <libpart lib="Connector_Generic" part="Conn_01x05">
      <description>Generic connector, single row, 01x05, script generated (kicad-library-utils/schlib/autogen/connector/)</description>
      <docs>~</docs>
      <footprints>
        <fp>Connector*:*_1x??_*</fp>
      </footprints>
      <fields>
        <field name="Reference">J</field>
        <field name="Value">Conn_01x05</field>
      </fields>
      <pins>
        <pin num="1" name="Pin_1" type="passive"/>
        <pin num="2" name="Pin_2" type="passive"/>
        <pin num="3" name="Pin_3" type="passive"/>
        <pin num="4" name="Pin_4" type="passive"/>
        <pin num="5" name="Pin_5" type="passive"/>
      </pins>
    </libpart>
    <libpart lib="Connector_Generic" part="Conn_02x04_Odd_Even">
      <description>Generic connector, double row, 02x04, odd/even pin numbering scheme (row 1 odd numbers, row 2 even numbers), script generated (kicad-library-utils/schlib/autogen/connector/)</description>
      <docs>~</docs>
      <footprints>
        <fp>Connector*:*_2x??_*</fp>
      </footprints>
      <fields>
        <field name="Reference">J</field>
        <field name="Value">Conn_02x04_Odd_Even</field>
      </fields>
      <pins>
        <pin num="1" name="Pin_1" type="passive"/>
        <pin num="2" name="Pin_2" type="passive"/>
        <pin num="3" name="Pin_3" type="passive"/>
        <pin num="4" name="Pin_4" type="passive"/>
        <pin num="5" name="Pin_5" type="passive"/>
        <pin num="6" name="Pin_6" type="passive"/>
        <pin num="7" name="Pin_7" type="passive"/>
        <pin num="8" name="Pin_8" type="passive"/>
      </pins>
    </libpart>
    <libpart lib="Connector_Generic" part="Conn_02x06_Odd_Even">
      <description>Generic connector, double row, 02x06, odd/even pin numbering scheme (row 1 odd numbers, row 2 even numbers), script generated (kicad-library-utils/schlib/autogen/connector/)</description>
      <docs>~</docs>
      <footprints>
        <fp>Connector*:*_2x??_*</fp>
      </footprints>
      <fields>
        <field name="Reference">J</field>
        <field name="Value">Conn_02x06_Odd_Even</field>
      </fields>
      <pins>
        <pin num="1" name="Pin_1" type="passive"/>
        <pin num="2" name="Pin_2" type="passive"/>
        <pin num="3" name="Pin_3" type="passive"/>
        <pin num="4" name="Pin_4" type="passive"/>
        <pin num="5" name="Pin_5" type="passive"/>
        <pin num="6" name="Pin_6" type="passive"/>
        <pin num="7" name="Pin_7" type="passive"/>
        <pin num="8" name="Pin_8" type="passive"/>
        <pin num="9" name="Pin_9" type="passive"/>
        <pin num="10" name="Pin_10" type="passive"/>
        <pin num="11" name="Pin_11" type="passive"/>
        <pin num="12" name="Pin_12" type="passive"/>
      </pins>
    </libpart>
    <libpart lib="Device" part="C">
      <description>Unpolarized capacitor</description>
      <docs>~</docs>
      <footprints>
        <fp>C_*</fp>
      </footprints>
      <fields>
        <field name="Reference">C</field>
        <field name="Value">C</field>
      </fields>
      <pins>
        <pin num="1" name="~" type="passive"/>
        <pin num="2" name="~" type="passive"/>
      </pins>
    </libpart>
    <libpart lib="Device" part="CP1">
      <description>Polarized capacitor, US symbol</description>
      <docs>~</docs>
      <footprints>
        <fp>CP_*</fp>
      </footprints>
      <fields>
        <field name="Reference">C</field>
        <field name="Value">CP1</field>
      </fields>
      <pins>
        <pin num="1" name="~" type="passive"/>
        <pin num="2" name="~" type="passive"/>
      </pins>
    </libpart>
    <libpart lib="Device" part="Crystal">
      <description>Two pin crystal</description>
      <docs>~</docs>
      <footprints>
        <fp>Crystal*</fp>
      </footprints>
      <fields>
        <field name="Reference">Y</field>
        <field name="Value">Crystal</field>
      </fields>
      <pins>
        <pin num="1" name="1" type="passive"/>
        <pin num="2" name="2" type="passive"/>
      </pins>
    </libpart>
    <libpart lib="Device" part="LED">
      <description>Light emitting diode</description>
      <docs>~</docs>
      <footprints>
        <fp>LED*</fp>
        <fp>LED_SMD:*</fp>
        <fp>LED_THT:*</fp>
      </footprints>
      <fields>
        <field name="Reference">D</field>
        <field name="Value">LED</field>
      </fields>
      <pins>
        <pin num="1" name="K" type="passive"/>
        <pin num="2" name="A" type="passive"/>
      </pins>
    </libpart>
    <libpart lib="Device" part="Polyfuse">
      <description>Resettable fuse, polymeric positive temperature coefficient</description>
      <docs>~</docs>
      <footprints>
        <fp>*polyfuse*</fp>
        <fp>*PTC*</fp>
      </footprints>
      <fields>
        <field name="Reference">F</field>
        <field name="Value">Polyfuse</field>
      </fields>
      <pins>
        <pin num="1" name="~" type="passive"/>
        <pin num="2" name="~" type="passive"/>
      </pins>
    </libpart>
    <libpart lib="Device" part="R">
      <description>Resistor</description>
      <docs>~</docs>
      <footprints>
        <fp>R_*</fp>
      </footprints>
      <fields>
        <field name="Reference">R</field>
        <field name="Value">R</field>
      </fields>
      <pins>
        <pin num="1" name="~" type="passive"/>
        <pin num="2" name="~" type="passive"/>
      </pins>
    </libpart>
    <libpart lib="Diode" part="SB120">
      <aliases>
        <alias>SB130</alias>
        <alias>SB140</alias>
        <alias>SB150</alias>
        <alias>SB160</alias>
        <alias>1N5817</alias>
        <alias>1N5818</alias>
        <alias>1N5819</alias>
      </aliases>
      <description>20V 1A Schottky Barrier Rectifier Diode, DO-41</description>
      <docs>http://www.diodes.com/_files/datasheets/ds23022.pdf</docs>
      <footprints>
        <fp>D*DO?41*</fp>
      </footprints>
      <fields>
        <field name="Reference">D</field>
        <field name="Value">SB120</field>
        <field name="Footprint">Diode_THT:D_DO-41_SOD81_P10.16mm_Horizontal</field>
      </fields>
      <pins>
        <pin num="1" name="K" type="passive"/>
        <pin num="2" name="A" type="passive"/>
      </pins>
    </libpart>
    <libpart lib="Interface_UART" part="MAX481E">
      <aliases>
        <alias>MAX483E</alias>
        <alias>MAX485E</alias>
        <alias>MAX487E</alias>
        <alias>MAX1487E</alias>
        <alias>MAX3485</alias>
        <alias>MAX3483</alias>
        <alias>MAX3486</alias>
      </aliases>
      <description>Half duplex RS-485/RS-422, 2.5 Mbps, ±15kV electro-static discharge (ESD) protection, no slew-rate, with low-power shutdown, with receiver/driver enable, 32 receiver drive kapacitity, DIP-8 and SOIC-8</description>
      <docs>https://datasheets.maximintegrated.com/en/ds/MAX1487E-MAX491E.pdf</docs>
      <footprints>
        <fp>DIP*W7.62mm*</fp>
        <fp>SOIC*3.9x4.9mm*P1.27mm*</fp>
      </footprints>
      <fields>
        <field name="Reference">U</field>
        <field name="Value">MAX481E</field>
      </fields>
      <pins>
        <pin num="1" name="RO" type="output"/>
        <pin num="2" name="~RE" type="input"/>
        <pin num="3" name="DE" type="input"/>
        <pin num="4" name="DI" type="input"/>
        <pin num="5" name="GND" type="power_in"/>
        <pin num="6" name="A" type="BiDi"/>
        <pin num="7" name="B" type="BiDi"/>
        <pin num="8" name="VCC" type="power_in"/>
      </pins>
    </libpart>
    <libpart lib="MCU_Microchip_PIC18" part="PIC18F2455-ISO">
      <aliases>
        <alias>PIC18LF2455-ISO</alias>
        <alias>PIC18LF2550-ISO</alias>
        <alias>PIC18F2550-ISO</alias>
      </aliases>
      <description>24K Flash, 2K SRAM, 256 EEPROM, USB, nanoWatt XLP, SOIC28</description>
      <docs>http://ww1.microchip.com/downloads/en/devicedoc/39632c.pdf</docs>
      <footprints>
        <fp>SO*W*7.5x17.9mm_P1.27mm*</fp>
      </footprints>
      <fields>
        <field name="Reference">U</field>
        <field name="Value">PIC18F2455-ISO</field>
        <field name="Footprint">Package_SO:SOIC-28W_7.5x17.9mm_P1.27mm</field>
      </fields>
      <pins>
        <pin num="1" name="Vpp/~MCLR~/RE3" type="input"/>
        <pin num="2" name="RA0/AN0" type="BiDi"/>
        <pin num="3" name="RA1/AN1" type="BiDi"/>
        <pin num="4" name="RA2/AN2/Vref-/CVref" type="BiDi"/>
        <pin num="5" name="RA3/AN3/Vref+" type="BiDi"/>
        <pin num="6" name="RA4/T0CKI/C1OUT/RCV" type="BiDi"/>
        <pin num="7" name="RA5/AN4/~SS~/HLVDIN/C2OUT" type="BiDi"/>
        <pin num="8" name="VSS" type="power_in"/>
        <pin num="9" name="OSC1/CLKI" type="input"/>
        <pin num="10" name="RA6/OSC2/CLKO" type="output"/>
        <pin num="11" name="T1OSO/T13CKI/RC0" type="BiDi"/>
        <pin num="12" name="~UOE~/CCP2/T1OSI/RC1" type="BiDi"/>
        <pin num="13" name="CCP1/RC2" type="BiDi"/>
        <pin num="14" name="VUSB" type="BiDi"/>
        <pin num="15" name="VM/D-/RC4" type="BiDi"/>
        <pin num="16" name="VP/D+/RC5" type="BiDi"/>
        <pin num="17" name="TX/CK/RC6" type="BiDi"/>
        <pin num="18" name="SDO/RX/DT/RC7" type="BiDi"/>
        <pin num="19" name="VSS" type="power_in"/>
        <pin num="20" name="VDD" type="power_in"/>
        <pin num="21" name="RB0/AN12/INT0/FLT0/SDI/SDA" type="BiDi"/>
        <pin num="22" name="RB1/AN10/INT1/SCK/SCL" type="BiDi"/>
        <pin num="23" name="RB2/AN8/INT2/VMO" type="BiDi"/>
        <pin num="24" name="RB3/AN9/CCP2/VPO" type="BiDi"/>
        <pin num="25" name="RB4/AN11/KBI0" type="BiDi"/>
        <pin num="26" name="RB5/KBI1/PGM" type="BiDi"/>
        <pin num="27" name="RB6/KBI2/PGC" type="BiDi"/>
        <pin num="28" name="RB7/KBI3/PGD" type="BiDi"/>
      </pins>
    </libpart>
    <libpart lib="Mechanical" part="MountingHole">
      <description>Mounting Hole without connection</description>
      <docs>~</docs>
      <footprints>
        <fp>MountingHole*</fp>
      </footprints>
      <fields>
        <field name="Reference">H</field>
        <field name="Value">MountingHole</field>
      </fields>
    </libpart>
    <libpart lib="Memory_EEPROM" part="24LC16">
      <aliases>
        <alias>24LC02</alias>
        <alias>24LC00</alias>
        <alias>24LC04</alias>
        <alias>24LC08</alias>
        <alias>24LC01</alias>
        <alias>24LC512</alias>
        <alias>24LC64</alias>
        <alias>24LC1025</alias>
        <alias>24LC32</alias>
        <alias>24LC256</alias>
        <alias>24LC128</alias>
        <alias>CAT24C256</alias>
        <alias>CAT24C128</alias>
      </aliases>
      <description>I2C Serial EEPROM, 16Kb, DIP-8/SOIC-8/TSSOP-8/DFN-8</description>
      <docs>http://ww1.microchip.com/downloads/en/DeviceDoc/21703d.pdf</docs>
      <footprints>
        <fp>DIP*W7.62mm*</fp>
        <fp>SOIC*3.9x4.9mm*</fp>
        <fp>TSSOP*4.4x3mm*P0.65mm*</fp>
        <fp>DFN*3x2mm*P0.5mm*</fp>
      </footprints>
      <fields>
        <field name="Reference">U</field>
        <field name="Value">24LC16</field>
      </fields>
      <pins>
        <pin num="1" name="A0" type="input"/>
        <pin num="2" name="A1" type="input"/>
        <pin num="3" name="A2" type="input"/>
        <pin num="4" name="GND" type="power_in"/>
        <pin num="5" name="SDA" type="BiDi"/>
        <pin num="6" name="SCL" type="input"/>
        <pin num="7" name="WP" type="input"/>
        <pin num="8" name="VCC" type="power_in"/>
      </pins>
    </libpart>
    <libpart lib="MultipleSensor_PCB" part="1N4731">
      <fields>
        <field name="Reference">D</field>
        <field name="Value">1N4731</field>
      </fields>
      <pins>
        <pin num="1" name="K" type="passive"/>
        <pin num="2" name="A" type="passive"/>
      </pins>
    </libpart>
    <libpart lib="MultipleSensor_PCB" part="2_jumpers_related">
      <fields>
        <field name="Reference">JP</field>
        <field name="Value">2_jumpers_related</field>
      </fields>
      <pins>
        <pin num="1" name="1" type="passive"/>
        <pin num="2" name="2" type="passive"/>
        <pin num="3" name="3" type="passive"/>
        <pin num="4" name="4" type="passive"/>
      </pins>
    </libpart>
    <libpart lib="MultipleSensor_PCB" part="BZV55-C4V7">
      <fields>
        <field name="Reference">D</field>
        <field name="Value">BZV55-C4V7</field>
      </fields>
      <pins>
        <pin num="1" name="K" type="passive"/>
        <pin num="2" name="A" type="passive"/>
      </pins>
    </libpart>
    <libpart lib="MultipleSensor_PCB" part="LM4040xxxx-xx">
      <fields>
        <field name="Reference">U</field>
        <field name="Value">LM4040xxxx-xx</field>
      </fields>
      <pins>
        <pin num="1" name="K" type="passive"/>
        <pin num="2" name="A" type="passive"/>
        <pin num="3" name="B" type="passive"/>
      </pins>
    </libpart>
  </libparts>
  <libraries>
    <library logical="74xx">
      <uri>C:\Program Files\KiCad\share\kicad\library/74xx.lib</uri>
    </library>
    <library logical="Amplifier_Operational">
      <uri>C:\Program Files\KiCad\share\kicad\library/Amplifier_Operational.lib</uri>
    </library>
    <library logical="Analog_Switch">
      <uri>C:\Program Files\KiCad\share\kicad\library/Analog_Switch.lib</uri>
    </library>
    <library logical="Connector">
      <uri>C:\Program Files\KiCad\share\kicad\library/Connector.lib</uri>
    </library>
    <library logical="Connector_Generic">
      <uri>C:\Program Files\KiCad\share\kicad\library/Connector_Generic.lib</uri>
    </library>
    <library logical="Device">
      <uri>C:\Program Files\KiCad\share\kicad\library/Device.lib</uri>
    </library>
    <library logical="Diode">
      <uri>C:\Program Files\KiCad\share\kicad\library/Diode.lib</uri>
    </library>
    <library logical="Interface_UART">
      <uri>C:\Program Files\KiCad\share\kicad\library/Interface_UART.lib</uri>
    </library>
    <library logical="MCU_Microchip_PIC18">
      <uri>C:\Program Files\KiCad\share\kicad\library/MCU_Microchip_PIC18.lib</uri>
    </library>
    <library logical="Mechanical">
      <uri>C:\Program Files\KiCad\share\kicad\library/Mechanical.lib</uri>
    </library>
    <library logical="Memory_EEPROM">
      <uri>C:\Program Files\KiCad\share\kicad\library/Memory_EEPROM.lib</uri>
    </library>
    <library logical="MultipleSensor_PCB">
      <uri>C:\Users\DavidQ\projects\MultipleSensor\LCR_sensor_PCB_design_2\PCB_ver10-2\KiCad/MultipleSensor_PCB.lib</uri>
    </library>
  </libraries>
  <nets>
    <net code="1" name="GND">
      <node ref="U4" pin="2"/>
      <node ref="D8" pin="2"/>
      <node ref="D7" pin="2"/>
      <node ref="D2" pin="2"/>
      <node ref="C14" pin="2"/>
      <node ref="D9" pin="2"/>
      <node ref="J1" pin="5"/>
      <node ref="U6" pin="1"/>
      <node ref="U6" pin="2"/>
      <node ref="U6" pin="3"/>
      <node ref="U6" pin="4"/>
      <node ref="U6" pin="7"/>
      <node ref="J1" pin="6"/>
      <node ref="J4" pin="3"/>
      <node ref="J4" pin="4"/>
      <node ref="J4" pin="7"/>
      <node ref="U2" pin="6"/>
      <node ref="U4" pin="3"/>
      <node ref="C9" pin="1"/>
      <node ref="C10" pin="1"/>
      <node ref="R22" pin="1"/>
      <node ref="R13" pin="1"/>
      <node ref="U1" pin="8"/>
      <node ref="R6" pin="1"/>
      <node ref="C13" pin="1"/>
      <node ref="C3" pin="2"/>
      <node ref="C12" pin="2"/>
      <node ref="U1" pin="19"/>
      <node ref="C15" pin="2"/>
      <node ref="C8" pin="1"/>
      <node ref="C7" pin="1"/>
      <node ref="JP0" pin="2"/>
      <node ref="JP0" pin="4"/>
      <node ref="JP1" pin="4"/>
      <node ref="U3" pin="4"/>
      <node ref="U8" pin="7"/>
      <node ref="U7" pin="7"/>
      <node ref="JP1" pin="2"/>
      <node ref="R10" pin="1"/>
      <node ref="C11" pin="2"/>
      <node ref="C4" pin="2"/>
      <node ref="J3" pin="3"/>
      <node ref="J5" pin="2"/>
      <node ref="J6" pin="7"/>
      <node ref="D4" pin="2"/>
      <node ref="D5" pin="2"/>
      <node ref="D3" pin="2"/>
      <node ref="D1" pin="2"/>
      <node ref="J2" pin="4"/>
      <node ref="U5" pin="5"/>
      <node ref="U2" pin="7"/>
      <node ref="U2" pin="8"/>
      <node ref="D6" pin="2"/>
      <node ref="J6" pin="8"/>
      <node ref="J6" pin="6"/>
      <node ref="J6" pin="5"/>
      <node ref="J2" pin="7"/>
      <node ref="J8" pin="8"/>
      <node ref="J7" pin="2"/>
      <node ref="J2" pin="3"/>
      <node ref="J8" pin="6"/>
    </net>
    <net code="2" name="+5V">
      <node ref="D2" pin="1"/>
      <node ref="R28" pin="2"/>
      <node ref="J6" pin="11"/>
      <node ref="D1" pin="1"/>
      <node ref="R20" pin="1"/>
      <node ref="R21" pin="2"/>
      <node ref="U5" pin="8"/>
      <node ref="J3" pin="2"/>
      <node ref="J6" pin="9"/>
      <node ref="U6" pin="8"/>
      <node ref="J1" pin="1"/>
      <node ref="U2" pin="16"/>
      <node ref="D10" pin="2"/>
      <node ref="C15" pin="1"/>
      <node ref="F1" pin="2"/>
      <node ref="C14" pin="1"/>
      <node ref="U3" pin="8"/>
      <node ref="R25" pin="2"/>
      <node ref="R24" pin="2"/>
      <node ref="R14" pin="2"/>
      <node ref="U1" pin="20"/>
      <node ref="R16" pin="2"/>
      <node ref="R23" pin="1"/>
    </net>
    <net code="3" name="OSC4_OUT">
      <node ref="D8" pin="1"/>
      <node ref="R26" pin="1"/>
      <node ref="U2" pin="1"/>
    </net>
    <net code="4" name="OSC5_OUT">
      <node ref="R27" pin="1"/>
      <node ref="D9" pin="1"/>
      <node ref="U2" pin="5"/>
    </net>
    <net code="5" name="OSC3_OUT">
      <node ref="U2" pin="12"/>
      <node ref="R18" pin="2"/>
      <node ref="D7" pin="1"/>
    </net>
    <net code="6" name="OSC0_OUT">
      <node ref="U7" pin="8"/>
      <node ref="U2" pin="13"/>
    </net>
    <net code="7" name="OSC1_OUT">
      <node ref="U2" pin="14"/>
      <node ref="U8" pin="8"/>
    </net>
    <net code="8" name="OSC2_OUT">
      <node ref="R17" pin="1"/>
      <node ref="D6" pin="1"/>
      <node ref="U2" pin="15"/>
    </net>
    <net code="9" name="S5_IN">
      <node ref="J2" pin="12"/>
      <node ref="R27" pin="2"/>
      <node ref="J4" pin="12"/>
    </net>
    <net code="10" name="VDDS">
      <node ref="U8" pin="14"/>
      <node ref="J4" pin="8"/>
      <node ref="U7" pin="14"/>
      <node ref="C13" pin="2"/>
      <node ref="R28" pin="1"/>
      <node ref="J2" pin="8"/>
      <node ref="D3" pin="1"/>
      <node ref="C12" pin="1"/>
    </net>
    <net code="11" name="Net-(J5-Pad7)">
      <node ref="U5" pin="4"/>
      <node ref="J5" pin="7"/>
      <node ref="R23" pin="2"/>
      <node ref="U1" pin="17"/>
    </net>
    <net code="12" name="Net-(R25-Pad1)">
      <node ref="U1" pin="21"/>
      <node ref="R25" pin="1"/>
      <node ref="U6" pin="5"/>
    </net>
    <net code="13" name="Net-(R24-Pad1)">
      <node ref="U6" pin="6"/>
      <node ref="U1" pin="22"/>
      <node ref="R24" pin="1"/>
    </net>
    <net code="14" name="Net-(U1-Pad11)">
      <node ref="U1" pin="11"/>
      <node ref="U2" pin="11"/>
    </net>
    <net code="15" name="Net-(U1-Pad12)">
      <node ref="U2" pin="10"/>
      <node ref="U1" pin="12"/>
    </net>
    <net code="16" name="Net-(U1-Pad13)">
      <node ref="U2" pin="9"/>
      <node ref="U1" pin="13"/>
    </net>
    <net code="17" name="Net-(U1-Pad26)">
      <node ref="U1" pin="26"/>
      <node ref="U5" pin="3"/>
      <node ref="U5" pin="2"/>
    </net>
    <net code="18" name="S2_IN">
      <node ref="R17" pin="2"/>
      <node ref="J4" pin="9"/>
      <node ref="J2" pin="9"/>
    </net>
    <net code="19" name="ADC_CH8">
      <node ref="U1" pin="7"/>
      <node ref="R15" pin="2"/>
      <node ref="D4" pin="1"/>
    </net>
    <net code="20" name="ADC_CH9">
      <node ref="R19" pin="1"/>
      <node ref="D5" pin="1"/>
      <node ref="U1" pin="23"/>
    </net>
    <net code="21" name="S3_IN">
      <node ref="J2" pin="10"/>
      <node ref="J4" pin="10"/>
      <node ref="R18" pin="1"/>
    </net>
    <net code="22" name="S4_IN">
      <node ref="J2" pin="11"/>
      <node ref="R26" pin="2"/>
      <node ref="J4" pin="11"/>
    </net>
    <net code="23" name="Net-(J3-Pad1)">
      <node ref="U1" pin="1"/>
      <node ref="R16" pin="1"/>
      <node ref="J3" pin="1"/>
    </net>
    <net code="24" name="Net-(C10-Pad2)">
      <node ref="U1" pin="10"/>
      <node ref="Y1" pin="2"/>
      <node ref="C10" pin="2"/>
    </net>
    <net code="25" name="Net-(D10-Pad1)">
      <node ref="D10" pin="1"/>
      <node ref="R13" pin="2"/>
    </net>
    <net code="26" name="Net-(U8-Pad4)">
      <node ref="U8" pin="5"/>
      <node ref="U8" pin="4"/>
    </net>
    <net code="27" name="Net-(U7-Pad4)">
      <node ref="U7" pin="4"/>
      <node ref="U7" pin="5"/>
    </net>
    <net code="28" name="Net-(U7-Pad6)">
      <node ref="U7" pin="6"/>
      <node ref="U7" pin="9"/>
    </net>
    <net code="29" name="Net-(U8-Pad6)">
      <node ref="U8" pin="6"/>
      <node ref="U8" pin="9"/>
    </net>
    <net code="30" name="Net-(J6-Pad12)">
      <node ref="J8" pin="7"/>
      <node ref="R19" pin="2"/>
      <node ref="J6" pin="12"/>
    </net>
    <net code="31" name="Net-(R14-Pad1)">
      <node ref="U4" pin="1"/>
      <node ref="R14" pin="1"/>
      <node ref="U1" pin="4"/>
    </net>
    <net code="32" name="Net-(U1-Pad5)">
      <node ref="U1" pin="5"/>
    </net>
    <net code="33" name="Net-(J1-Pad2)">
      <node ref="U1" pin="15"/>
      <node ref="J1" pin="2"/>
    </net>
    <net code="34" name="Net-(J1-Pad3)">
      <node ref="U1" pin="16"/>
      <node ref="J1" pin="3"/>
    </net>
    <net code="35" name="Net-(J1-Pad4)">
      <node ref="J1" pin="4"/>
    </net>
    <net code="36" name="OSC_COM_OUT">
      <node ref="U1" pin="6"/>
      <node ref="U2" pin="3"/>
    </net>
    <net code="37" name="Net-(C1-Pad2)">
      <node ref="C3" pin="1"/>
      <node ref="C1" pin="2"/>
      <node ref="JP0" pin="1"/>
    </net>
    <net code="38" name="Net-(J3-Pad4)">
      <node ref="J3" pin="4"/>
      <node ref="U1" pin="28"/>
    </net>
    <net code="39" name="Net-(J3-Pad5)">
      <node ref="U1" pin="27"/>
      <node ref="J3" pin="5"/>
    </net>
    <net code="40" name="Net-(J5-Pad8)">
      <node ref="U5" pin="1"/>
      <node ref="J5" pin="8"/>
      <node ref="U1" pin="18"/>
      <node ref="R20" pin="2"/>
    </net>
    <net code="41" name="/V_IN">
      <node ref="F1" pin="1"/>
      <node ref="J7" pin="1"/>
      <node ref="J5" pin="1"/>
    </net>
    <net code="42" name="/A">
      <node ref="J7" pin="3"/>
      <node ref="R21" pin="1"/>
      <node ref="U5" pin="6"/>
      <node ref="J5" pin="3"/>
    </net>
    <net code="43" name="/B">
      <node ref="U5" pin="7"/>
      <node ref="J7" pin="4"/>
      <node ref="J5" pin="4"/>
      <node ref="R22" pin="2"/>
    </net>
    <net code="44" name="/OUT1">
      <node ref="U1" pin="25"/>
      <node ref="J7" pin="5"/>
      <node ref="J5" pin="5"/>
    </net>
    <net code="45" name="/OUT2">
      <node ref="J5" pin="6"/>
      <node ref="U1" pin="24"/>
      <node ref="J7" pin="6"/>
    </net>
    <net code="46" name="Net-(R6-Pad2)">
      <node ref="R7" pin="2"/>
      <node ref="R6" pin="2"/>
      <node ref="U3" pin="3"/>
    </net>
    <net code="47" name="Net-(J6-Pad10)">
      <node ref="R15" pin="1"/>
      <node ref="J8" pin="5"/>
      <node ref="J6" pin="10"/>
    </net>
    <net code="48" name="Net-(U2-Pad2)">
      <node ref="U2" pin="2"/>
    </net>
    <net code="49" name="Net-(U2-Pad4)">
      <node ref="U2" pin="4"/>
    </net>
    <net code="50" name="Net-(J6-Pad3)">
      <node ref="R11" pin="1"/>
      <node ref="J6" pin="3"/>
      <node ref="J8" pin="3"/>
    </net>
    <net code="51" name="Net-(J6-Pad4)">
      <node ref="R12" pin="2"/>
      <node ref="J6" pin="4"/>
      <node ref="J8" pin="4"/>
    </net>
    <net code="52" name="Net-(R5-Pad2)">
      <node ref="U3" pin="2"/>
      <node ref="R8" pin="2"/>
      <node ref="R5" pin="2"/>
    </net>
    <net code="53" name="Net-(J6-Pad1)">
      <node ref="J6" pin="1"/>
      <node ref="J8" pin="1"/>
      <node ref="R7" pin="1"/>
    </net>
    <net code="54" name="Net-(J6-Pad2)">
      <node ref="J8" pin="2"/>
      <node ref="J6" pin="2"/>
      <node ref="R8" pin="1"/>
    </net>
    <net code="55" name="S1_IN1">
      <node ref="J2" pin="5"/>
      <node ref="J4" pin="5"/>
      <node ref="U8" pin="1"/>
      <node ref="C5" pin="2"/>
      <node ref="R3" pin="1"/>
    </net>
    <net code="56" name="Net-(R3-Pad2)">
      <node ref="U8" pin="2"/>
      <node ref="U8" pin="3"/>
      <node ref="R3" pin="2"/>
      <node ref="R4" pin="2"/>
    </net>
    <net code="57" name="S1_IN2">
      <node ref="J2" pin="6"/>
      <node ref="R4" pin="1"/>
      <node ref="C6" pin="1"/>
      <node ref="J4" pin="6"/>
    </net>
    <net code="58" name="Net-(R12-Pad1)">
      <node ref="U3" pin="6"/>
      <node ref="R12" pin="1"/>
      <node ref="R9" pin="1"/>
    </net>
    <net code="59" name="ADC_CH6">
      <node ref="U1" pin="2"/>
      <node ref="R5" pin="1"/>
      <node ref="U3" pin="1"/>
    </net>
    <net code="60" name="ADC_CH7">
      <node ref="U1" pin="3"/>
      <node ref="U3" pin="7"/>
      <node ref="R9" pin="2"/>
    </net>
    <net code="61" name="Net-(R10-Pad2)">
      <node ref="U3" pin="5"/>
      <node ref="R10" pin="2"/>
      <node ref="R11" pin="2"/>
    </net>
    <net code="62" name="Net-(C2-Pad2)">
      <node ref="C4" pin="1"/>
      <node ref="C2" pin="2"/>
      <node ref="JP0" pin="3"/>
    </net>
    <net code="63" name="Net-(C9-Pad2)">
      <node ref="C9" pin="2"/>
      <node ref="U1" pin="9"/>
      <node ref="Y1" pin="1"/>
    </net>
    <net code="64" name="Net-(C11-Pad1)">
      <node ref="U1" pin="14"/>
      <node ref="C11" pin="1"/>
    </net>
    <net code="65" name="Net-(R1-Pad2)">
      <node ref="U7" pin="3"/>
      <node ref="U7" pin="2"/>
      <node ref="R2" pin="2"/>
      <node ref="R1" pin="2"/>
    </net>
    <net code="66" name="Net-(C5-Pad1)">
      <node ref="C7" pin="2"/>
      <node ref="C5" pin="1"/>
      <node ref="JP1" pin="1"/>
    </net>
    <net code="67" name="Net-(C6-Pad2)">
      <node ref="JP1" pin="3"/>
      <node ref="C8" pin="2"/>
      <node ref="C6" pin="2"/>
    </net>
    <net code="68" name="S0_IN1">
      <node ref="U7" pin="1"/>
      <node ref="J2" pin="1"/>
      <node ref="R1" pin="1"/>
      <node ref="C1" pin="1"/>
      <node ref="J4" pin="1"/>
    </net>
    <net code="69" name="S0_IN2">
      <node ref="J2" pin="2"/>
      <node ref="J4" pin="2"/>
      <node ref="C2" pin="1"/>
      <node ref="R2" pin="1"/>
    </net>
  </nets>
</export>
