"Report Written:","Saturday, September 04, 2021"
"Project Path:","C:\Users\DavidQ\projects\MultipleSensor\LCR_sensor_PCB_design_2\PCB_ver10-2\DesignSpark\multiple_sensor_PCB.prj"
"Design Path:","C:\Users\DavidQ\projects\MultipleSensor\LCR_sensor_PCB_design_2\PCB_ver10-2\DesignSpark\multiple_sensor_PCB.pcb"
"Design Title:",
"Created:","09-02-2014 14:32:54"
"Last Saved:","04-09-2021 19:58:27"
"Editing Time:","9320 min"
"Units:","mm (precision 1)"

Bill of Materials generated with DesignSpark PCB - www.DesignSpark.com/pcb
--------------------------------------------------------------------------


"Ref Name","Qty","Component","Value","Package","Manufacturer","MPN","RS Part Number","Other Part Number","Description"
"U6","1","24AA64_I2C_EEPROM","","SM","","","","",""
"U7","1","74HC14M","","SOL","","","","",""
"U8","1","74HC14M","","SOL","","","","",""
"D4","1","BZV55-C4V7","","DSC","","","","","diode zener 4.7V BZV55-C4V7"
"D5","1","BZV55-C4V7","","DSC","","","","","diode zener 4.7V BZV55-C4V7"
"D6","1","BZV55-C4V7","","DSC","","","","","diode zener 4.7V BZV55-C4V7"
"D7","1","BZV55-C4V7","","DSC","","","","","diode zener 4.7V BZV55-C4V7"
"D8","1","BZV55-C4V7","","DSC","","","","","diode zener 4.7V BZV55-C4V7"
"D9","1","BZV55-C4V7","","DSC","","","","","diode zener 4.7V BZV55-C4V7"
"U2","1","CD4051BM","","SOL","","","","",""
"C15","1","C_P","100uF","DSC","","","","",""
"C11","1","C_SMD","0.47uF","SM","","","","",""
"C5","1","C_SMD","2.2nF","SM","","","","",""
"C1","1","C_SMD","2.2nF","SM","","","","",""
"C2","1","C_SMD","2.2nF","SM","","","","",""
"C6","1","C_SMD","2.2nF","SM","","","","",""
"C3","1","C_SMD","22pF","SM","","","","",""
"C4","1","C_SMD","22pF","SM","","","","",""
"C9","1","C_SMD","22pF","SM","","","","",""
"C10","1","C_SMD","22pF","SM","","","","",""
"C8","1","C_SMD","22pF","SM","","","","",""
"C7","1","C_SMD","22pF","SM","","","","",""
"C14","1","C_SMD","100nF","SM","","","","",""
"C12","1","C_SMD","100nF","SM","","","","",""
"C13","1","C_SMD","100nF","SM","","","","",""
"JP1","1","DUAL_JUMPER_2X2","","DSC","","","","","DUAL_JUMPER_2X2"
"JP0","1","DUAL_JUMPER_2X2","","DSC","","","","","DUAL_JUMPER_2X2"
"D1","1","D_SCHOTTKY","","DSC","","1N5817","","","Schottky Diode"
"D2","1","D_SCHOTTKY","","DSC","","1N5817","","","Schottky Diode"
"D3","1","D_ZENER","","DSC","1N4731","","","",""
"CONN3","1","HEADER_1X5","","MISC","","","","",""
"CONN5","1","HEADER_2X4","","DSC","","","","",""
"CONN2","1","HEADER_2X6","","DSC","","","","",""
"CONN6","1","HEADER_2X6","","DSC","","","","",""
"S1","1","hole_support_PCB","","DSC","","","","",""
"S2","1","hole_support_PCB","","DSC","","","","",""
"D10","1","LED_SMD_1","","SM","","","","",""
"U3","1","LM358","","SM","","","","",""
"U4","1","LM4040-SOT23","","SM","","","","",""
"U5","1","MAX485_SOP8L","","SM","","","","",""
"CONN1","1","mini-B_USB_SMD","","SOL","","","","",""
"U1","1","PIC18F2550-X_SO","","SOL","","","","",""
"FS2","1","PTC_fuse","","DSC","","","","",""
"R1","1","R_SMD","2M","SM","","","","",""
"R3","1","R_SMD","2M","SM","","","","",""
"R23","1","R_SMD","2.2K","SM","","","","",""
"R24","1","R_SMD","2.7K","SM","","","","",""
"R25","1","R_SMD","2.7K","SM","","","","",""
"R20","1","R_SMD","3.3K","SM","","","","",""
"R21","1","R_SMD","3.3K","SM","","","","",""
"R22","1","R_SMD","3.3K","SM","","","","",""
"R5","1","R_SMD","4.7M","SM","","","","",""
"R6","1","R_SMD","4.7M","SM","","","","",""
"R7","1","R_SMD","4.7M","SM","","","","",""
"R8","1","R_SMD","4.7M","SM","","","","",""
"R9","1","R_SMD","4.7M","SM","","","","",""
"R10","1","R_SMD","4.7M","SM","","","","",""
"R11","1","R_SMD","4.7M","SM","","","","",""
"R12","1","R_SMD","4.7M","SM","","","","",""
"R16","1","R_SMD","10k","SM","","","","",""
"R14","1","R_SMD","30k","SM","","","","",""
"R13","1","R_SMD","220","SM","","","","",""
"R2","1","R_SMD","500","SM","","","","",""
"R4","1","R_SMD","500","SM","","","","",""
"R28","1","R_SMD_2512","22","SM","","","","","resistor_2512_SMD_chip"
"R17","1","R_SMD_2512","220","SM","","","","","resistor_2512_SMD_chip"
"R18","1","R_SMD_2512","220","SM","","","","","resistor_2512_SMD_chip"
"R15","1","R_SMD_2512","220","SM","","","","","resistor_2512_SMD_chip"
"R19","1","R_SMD_2512","220","SM","","","","","resistor_2512_SMD_chip"
"R26","1","R_SMD_2512","220","SM","","","","","resistor_2512_SMD_chip"
"R27","1","R_SMD_2512","220","SM","","","","","resistor_2512_SMD_chip"
"CONN7","1","SCREW_HEADER_1X6","","DIL","","","","",""
"CONN8","1","SCREW_HEADER_1X8","","DIL","","","","","SCREW_HEADER_1X8"
"CONN4","1","SCREW_HEADER_1X12","","DSC","","","","","SCREW_HEADER_1X12"
"XTAL1","1","XTAL_SMD","20MHz","SM","","","","",""
